{
  "node_counts": [
    5,
    10,
    20,
    50,
    100
  ],
  "quantum_times": [
    10.341558299999999,
    10.557827399999999,
    10.7333599,
    11.9198383,
    15.261226100000002
  ],
  "pow_times": [
    342.831408,
    60.262216,
    580.072808,
    461.459808,
    892.525424
  ],
  "pos_times": [
    60.0,
    70.0,
    90.0,
    150.0,
    250.0
  ],
  "pow_energy_consumption": [
    1.3107e-6,
    6.553e-7,
    3.276e-7,
    2.621e-7,
    2.621e-7
  ],
  "pow_block_propagation_time": [
    108.125,
    115.75,
    131.0,
    176.75,
    253.0
  ],
  "pow_real_life_estimation": [
    2.6214e-7,
    6.553e-8,
    1.638e-8,
    5.242e-9,
    2.621e-9
  ]
}